cas,MolWt,LogP,TPSA,NumHDonors,NumHAcceptors,NumRotatableBonds,RingCount,AromaticRings,pEC50
108952,94.11299999999997,1.3921999999999997,20.23,1.0,1.0,0.0,1.0,1.0,2.405447893391213
95578,128.558,2.0456,20.23,1.0,1.0,0.0,1.0,1.0,2.87865018603196
106489,128.558,2.0456000000000008,20.23,1.0,1.0,0.0,1.0,1.0,3.6245282087183788
120832,163.003,2.6990000000000003,20.23,1.0,1.0,0.0,1.0,1.0,4.403606927216012
87650,163.003,2.6990000000000003,20.23,1.0,1.0,0.0,1.0,1.0,4.2254238632141305
88062,197.448,3.3524,20.23,1.0,1.0,0.0,1.0,1.0,4.460493252547729
58902,231.893,4.0058,20.23,1.0,1.0,0.0,1.0,1.0,4.656760174371377
87865,266.33799999999997,4.6592,20.23,1.0,1.0,0.0,1.0,1.0,5.09419102519684
71432,78.11399999999999,1.6866,0.0,0.0,0.0,0.0,1.0,1.0,2.173247385638513
95476,106.16799999999999,2.30344,0.0,0.0,0.0,0.0,1.0,1.0,3.285630946671024
91203,128.17399999999995,2.839800000000001,0.0,0.0,0.0,0.0,2.0,2.0,3.589285997928124
108883,92.14099999999999,1.99502,0.0,0.0,0.0,0.0,1.0,1.0,2.575202600157542
7775113,161.972,-8.610100000000001,80.25999999999999,0.0,4.0,0.0,0.0,0.0,5.232318690091488
13472452,293.816,-8.610100000000001,80.25999999999999,0.0,4.0,0.0,0.0,0.0,4.080816959109051
10138520,263.60900000000004,2.0685000000000002,0.0,0.0,0.0,0.0,0.0,0.0,5.219399973041244
13718268,121.93099999999998,-4.4251000000000005,57.199999999999996,0.0,3.0,0.0,0.0,0.0,2.5217852854055174
13537183,275.293,2.0685000000000002,0.0,0.0,0.0,0.0,0.0,0.0,5.247887485540697
10361918,279.399,2.0685000000000002,0.0,0.0,0.0,0.0,0.0,0.0,5.254317164402625
7785877,151.00099999999998,-1.3404999999999996,80.25999999999999,0.0,4.0,0.0,0.0,0.0,4.331677223939258
10042883,265.284,2.0685000000000002,0.0,0.0,0.0,0.0,0.0,0.0,5.22215079670217
10026127,270.17100000000005,3.4449999999999994,0.0,0.0,0.0,0.0,0.0,0.0,5.283306135136681
10099668,281.326,2.0685000000000002,0.0,0.0,0.0,0.0,0.0,0.0,5.267403881340099
10025737,158.35500000000002,2.066,0.0,0.0,0.0,0.0,0.0,0.0,4.5439668044586385
10025748,268.85900000000004,2.0685000000000002,0.0,0.0,0.0,0.0,0.0,0.0,5.237616895985154
7699436,178.129,-6.113300000000001,17.07,0.0,1.0,0.0,0.0,0.0,4.911931153460677
10138622,271.289,2.0685000000000002,0.0,0.0,0.0,0.0,0.0,0.0,5.241524501718113
27774136,163.00599999999997,-1.4592999999999996,97.32999999999998,0.0,5.0,0.0,0.0,0.0,5.04497671483422
10138417,273.619,2.0685000000000002,0.0,0.0,0.0,0.0,0.0,0.0,5.245238568349733
7705079,154.226,2.066,0.0,0.0,0.0,0.0,0.0,0.0,4.17964092523728
7647156,102.89399999999999,-5.992,0.0,0.0,0.0,0.0,0.0,0.0,2.3134200463946915
7447407,74.551,-5.992,0.0,0.0,0.0,0.0,0.0,0.0,2.0703404467540776
7791119,120.921,-5.992,0.0,0.0,0.0,0.0,0.0,0.0,2.722422078373146
7647178,168.358,-5.992,0.0,0.0,0.0,0.0,0.0,0.0,3.9669767879892444
7487889,120.368,-1.7187999999999997,80.25999999999999,0.0,4.0,0.0,0.0,0.0,2.039945450909166
10476854,158.526,-6.3728,0.0,0.0,0.0,0.0,0.0,0.0,3.024009242390841
10361372,208.234,-6.3728,0.0,0.0,0.0,0.0,0.0,0.0,4.565976652473919
10026081,373.8499999999999,2.758,0.0,0.0,0.0,0.0,0.0,0.0,5.5815617684629135
10102064,394.035,-0.7158000000000002,166.54,0.0,8.0,0.0,0.0,0.0,5.143989806075202
10361849,151.315,2.066,0.0,0.0,0.0,0.0,0.0,0.0,4.728336988686684
10361929,195.26500000000001,-8.990499999999999,0.0,0.0,0.0,0.0,0.0,0.0,4.725136059957836
10099588,245.26500000000001,2.0685000000000002,0.0,0.0,0.0,0.0,0.0,0.0,4.583243649233481
7790865,246.47500000000002,2.0685000000000002,0.0,0.0,0.0,0.0,0.0,0.0,4.940227881790052
10024938,250.59900000000002,2.0685000000000002,0.0,0.0,0.0,0.0,0.0,0.0,5.169283089756375
10361827,256.71900000000005,2.0685000000000002,0.0,0.0,0.0,0.0,0.0,0.0,5.179761768499637
10025760,258.323,2.0685000000000002,0.0,0.0,0.0,0.0,0.0,0.0,5.191708534627318
10043524,110.98400000000001,-6.3728,0.0,0.0,0.0,0.0,0.0,0.0,2.59810234192582
13106768,196.01399999999998,-1.8657,153.26,2.0,4.0,0.0,0.0,0.0,4.204241461755216
7791084,173.21200000000002,-3.4955999999999996,28.5,0.0,0.0,0.0,0.0,0.0,6.582913000174079
7681494,41.988,-5.992,0.0,0.0,0.0,0.0,0.0,0.0,2.8577094671024463
13510491,105.07499999999999,-1.7187999999999999,80.25999999999999,0.0,4.0,0.0,0.0,0.0,4.632423773485653
7647145,58.443,-5.992,0.0,0.0,0.0,0.0,0.0,0.0,1.9650520388937718
7705080,162.204,2.066,0.0,0.0,0.0,0.0,0.0,0.0,4.582425307289624
7646799,129.839,-5.9945,0.0,0.0,0.0,0.0,0.0,0.0,6.12990686646869
13138459,182.701,-0.4807000000000002,132.4,0.0,6.0,0.0,0.0,0.0,7.227091918379028
7758987,159.60899999999998,-1.3404999999999996,80.25999999999999,0.0,4.0,0.0,0.0,0.0,6.11123028099908
7733020,161.45299999999997,-1.3404999999999996,80.25999999999999,0.0,4.0,0.0,0.0,0.0,5.714315030862364
10108642,183.318,1.3765,0.0,0.0,0.0,0.0,0.0,0.0,5.409497220821722
7487947,271.496,1.3765,0.0,0.0,0.0,0.0,0.0,0.0,6.349190510642688
7446700,133.341,1.6877,0.0,0.0,0.0,0.0,0.0,0.0,4.185541624182454
10025828,221.17700000000002,1.6877,0.0,0.0,0.0,0.0,0.0,0.0,5.090812027234891
7446186,504.82900000000006,-2.0995999999999997,80.25999999999999,0.0,4.0,0.0,0.0,0.0,7.251599301587611
7772998,189.617,0.9982,0.0,0.0,0.0,0.0,0.0,0.0,5.243784340289425
10099748,331.20799999999997,-0.8590000000000002,132.4,0.0,6.0,0.0,0.0,0.0,5.391098274993707
12232994,279.967,-4.8034,57.199999999999996,0.0,3.0,0.0,0.0,0.0,4.740289345019667
10102188,172.93699999999998,-8.8696,63.19,0.0,3.0,0.0,0.0,0.0,4.7494067255975585
10102202,221.577,-8.8696,63.19,0.0,3.0,0.0,0.0,0.0,4.041797166418868
7778430,185.906,-9.4266,83.42,1.0,3.0,0.0,0.0,0.0,6.705264935238325
1330434,201.221,-10.2352,92.27000000000001,0.0,7.0,0.0,2.0,0.0,4.4371549614986066
10377487,109.945,-7.329999999999999,80.25999999999999,0.0,4.0,0.0,0.0,0.0,2.9875704987884264
7447394,134.452,1.3765,0.0,0.0,0.0,0.0,0.0,0.0,5.059797860491785
10325947,236.42000000000002,-0.4807000000000002,132.4,0.0,6.0,0.0,0.0,0.0,5.093402646144334
1461229,325.51200000000006,5.571000000000006,0.0,0.0,0.0,9.0,0.0,0.0,6.868128413997725
57136,60.05599999999999,-0.9762,69.11,2.0,1.0,0.0,0.0,0.0,1.0795863985223102
7757791,101.102,-3.2351,66.2,0.0,3.0,0.0,0.0,0.0,1.9835704478204945
506876,96.086,-1.6946000000000003,136.19,2.0,3.0,0.0,0.0,0.0,2.4641461744746267
5746178,273.156,-1.4853999999999996,49.36,0.0,3.0,3.0,1.0,1.0,0.3010299956639812
1014706,213.31000000000003,1.4570999999999996,62.73,2.0,6.0,5.0,1.0,1.0,5.593483868504591
28249776,257.786,4.035000000000004,20.310000000000002,0.0,2.0,4.0,1.0,1.0,4.864316121870257
51218496,311.85300000000007,3.8098000000000027,29.540000000000003,0.0,2.0,9.0,1.0,1.0,4.931810910331485
2764729,184.242,0.9422,7.760000000000001,0.0,0.0,0.0,3.0,2.0,4.775939529236122
131522,288.32,1.0311999999999997,23.06,0.0,1.0,0.0,1.0,1.0,4.980575982682384
1912249,215.68800000000002,1.7770999999999997,62.730000000000004,2.0,5.0,4.0,1.0,1.0,6.438894145270627
330552,249.09699999999998,3.0185000000000013,41.57000000000001,1.0,2.0,2.0,1.0,1.0,6.830045162363247
137268,240.44400000000002,2.0608,6.48,0.0,4.0,0.0,0.0,0.0,4.640651254737778
98119347,735.448,7.7118000000000055,122.32,1.0,7.0,8.0,5.0,3.0,5.69142796210256
122145,277.238,2.7993200000000016,70.83,0.0,6.0,5.0,1.0,1.0,4.435656605576831
13410010,188.936,-8.9884,80.25999999999999,0.0,4.0,0.0,0.0,0.0,5.2823079288785495
7440508,63.546,-0.0025,0.0,0.0,0.0,0.0,0.0,0.0,5.062725528926843
7784181,83.97600000000001,0.8798,0.0,0.0,0.0,0.0,0.0,0.0,4.132646669557346
94757,221.03899999999996,2.4567999999999994,46.53,1.0,2.0,3.0,1.0,1.0,3.344468907126224
127208,164.95100000000002,-3.065899999999999,40.129999999999995,0.0,2.0,1.0,0.0,0.0,3.217354952758995
75605,137.998,0.11099999999999993,37.3,1.0,1.0,0.0,0.0,0.0,3.1398727922327003
144218,183.934,-8.285800000000002,63.19,0.0,3.0,0.0,0.0,0.0,3.2646620155217096
1918021,241.461,2.3222,76.21,2.0,3.0,1.0,1.0,1.0,3.8828469949112803
122429,179.21900000000002,2.6435000000000013,38.33,1.0,2.0,2.0,1.0,1.0,4.753384049733149
61825,84.08200000000001,-0.6131000000000002,67.59,2.0,3.0,0.0,1.0,1.0,3.4247030334035524
534521,198.134,1.5170200000000003,106.51000000000002,1.0,5.0,2.0,1.0,1.0,3.296959007317349
132661,291.306,3.790300000000002,66.4,2.0,2.0,3.0,3.0,3.0,3.9643494298389816
650511,185.369,-2.8895,40.129999999999995,0.0,2.0,0.0,0.0,0.0,3.2680371070758856
122349,201.661,1.3885999999999998,62.730000000000004,2.0,5.0,4.0,1.0,1.0,6.2479734382399315
1861401,335.28200000000004,4.148200000000004,89.52,0.0,5.0,7.0,1.0,1.0,5.025410238455629
314409,261.11899999999997,1.57852,54.85999999999999,1.0,2.0,2.0,1.0,1.0,5.4168384738717394
150685,198.653,2.4335000000000004,32.34,1.0,1.0,1.0,1.0,1.0,6.798095128030233
2303175,304.66999999999996,4.843900000000003,20.310000000000002,0.0,2.0,4.0,0.0,0.0,4.983829692568941
15972608,269.77199999999993,2.9871000000000016,29.54,0.0,2.0,6.0,1.0,1.0,5.3700193145876725
21087649,214.294,0.3715000000000003,73.8,1.0,5.0,1.0,1.0,1.0,6.839648317602467
51218452,283.799,3.1641200000000014,29.54,0.0,2.0,6.0,1.0,1.0,5.10446781907399
2212671,187.30799999999994,2.735500000000001,20.310000000000002,0.0,2.0,1.0,1.0,0.0,3.940660366292578
1071836,169.073,-1.2042000000000002,106.86000000000001,4.0,3.0,4.0,0.0,0.0,4.1162118188176064
330541,233.098,3.0869000000000018,32.34,1.0,1.0,1.0,1.0,1.0,7.532378224316789
95501,147.004,2.9934000000000003,0.0,0.0,0.0,0.0,1.0,1.0,3.741942903750326
110918,87.122,-0.3938000000000001,21.259999999999998,1.0,2.0,0.0,1.0,0.0,3.2993038401315236
139139,191.13899999999998,-1.4577999999999995,115.14,3.0,4.0,6.0,0.0,0.0,4.106606808455124
115866,326.288,5.331500000000003,44.760000000000005,0.0,4.0,6.0,3.0,3.0,5.3266593060196135
7778509,294.181,-8.9186,123.63,0.0,7.0,2.0,0.0,0.0,5.938432541554835
71283288,327.1629999999999,4.637600000000002,55.760000000000005,1.0,3.0,5.0,2.0,2.0,4.4987425900446505
95617097,333.727,4.125400000000002,81.79,1.0,5.0,5.0,3.0,3.0,5.344759669039957
99129212,359.91900000000004,4.844400000000005,58.89,1.0,5.0,9.0,1.0,0.0,3.968441067923459
111991094,410.4120000000002,0.10099999999999953,152.70999999999998,2.0,9.0,6.0,2.0,2.0,4.9766218393932755
83055996,410.4080000000002,0.9318999999999997,145.80999999999997,2.0,9.0,7.0,2.0,2.0,4.358878051037581
90982324,414.82700000000017,1.8257,136.57999999999998,2.0,8.0,6.0,2.0,2.0,4.333743216547527
98967409,325.3,1.51172,89.25,1.0,5.0,3.0,3.0,3.0,4.483521730527544
1582098,335.28200000000004,4.148200000000004,89.52,0.0,5.0,7.0,1.0,1.0,4.88723058905102
40487421,281.312,3.720340000000003,98.31,1.0,5.0,6.0,1.0,1.0,6.0007911549165565
23184669,311.85300000000007,4.1574000000000035,29.54,0.0,2.0,9.0,1.0,1.0,4.558634154995119
34256821,269.77199999999993,3.1232200000000017,29.54,0.0,2.0,6.0,1.0,1.0,3.9945653303955915
21725462,240.698,1.6708799999999997,86.52000000000001,2.0,6.0,4.0,1.0,1.0,6.2718939347600395
7287196,241.364,2.2340999999999998,62.730000000000004,2.0,6.0,5.0,1.0,1.0,6.640152671880443
34123596,206.28899999999996,2.903500000000001,32.34,1.0,1.0,2.0,1.0,1.0,6.6773047388682905
15545489,212.67999999999998,2.7419200000000004,32.34,1.0,1.0,1.0,1.0,1.0,6.924606130466323
4685147,186.258,1.0025999999999997,7.760000000000001,0.0,0.0,1.0,2.0,2.0,6.020533952331242
1689845,276.915,2.788880000000001,44.019999999999996,1.0,2.0,0.0,1.0,1.0,3.4923440147816343
84087014,242.06099999999995,3.2398000000000007,50.19,1.0,2.0,1.0,2.0,2.0,3.9125274856976064
42874033,361.70300000000003,5.458000000000003,61.599999999999994,0.0,4.0,5.0,2.0,2.0,5.385515750734687
51276472,181.12800000000001,-0.3113999999999998,100.62,3.0,3.0,4.0,0.0,0.0,4.24868143446961
25059807,271.725,2.2795000000000005,48.3,0.0,4.0,3.0,2.0,2.0,4.028752497871751
39807153,341.19400000000013,3.4418000000000024,57.260000000000005,0.0,4.0,3.0,2.0,2.0,3.7416153404003825
69377817,255.03199999999998,1.5731,85.44,2.0,4.0,3.0,1.0,1.0,3.6193874587591486
87818313,274.404,4.2478200000000035,18.46,0.0,2.0,4.0,3.0,1.0,4.987910383205863
125401925,452.35500000000025,-1.7468999999999981,147.07000000000002,0.0,12.0,9.0,3.0,3.0,4.926606393682027
64249010,367.86000000000007,4.331900000000004,38.77,0.0,5.0,7.0,1.0,1.0,4.599479802079218
136849155,421.4350000000003,1.5648999999999997,148.60999999999999,3.0,8.0,8.0,3.0,2.0,6.153292193355159
106040486,381.3700000000001,0.4215199999999999,151.67999999999998,2.0,8.0,5.0,2.0,2.0,4.013250454796022
111353845,396.38500000000016,0.5205999999999995,172.49999999999997,4.0,9.0,7.0,2.0,2.0,3.7702706062377116
83066880,327.258,3.744600000000002,68.65,1.0,4.0,5.0,2.0,2.0,4.178360496220414
94051088,344.7540000000001,3.9274000000000022,81.54,1.0,5.0,5.0,3.0,3.0,4.681503453941839
93697746,414.4000000000002,-0.08559999999999968,163.63,2.0,10.0,7.0,2.0,2.0,4.342587878285366
95977290,361.703,4.3980000000000015,68.65,1.0,4.0,5.0,2.0,2.0,4.518565332605212
298464,236.27399999999997,3.3872000000000018,46.33,1.0,1.0,0.0,3.0,2.0,3.7845081763068946
10124364,208.475,-1.3404999999999996,80.25999999999999,0.0,4.0,0.0,0.0,0.0,6.795880017344075
7718549,129.599,1.3765,0.0,0.0,0.0,0.0,0.0,0.0,5.661698154811433
25812300,250.33799999999994,3.573240000000002,46.53,1.0,2.0,6.0,1.0,1.0,3.455922043841607
84742,278.348,3.6004000000000027,52.6,0.0,4.0,8.0,1.0,1.0,4.71361650202806
68359375,434.29400000000004,6.317080000000003,59.320000000000014,0.0,4.0,6.0,3.0,2.0,5.7563207137506565
13593038,298.30400000000003,3.3061000000000016,53.46999999999999,0.0,6.0,6.0,2.0,2.0,4.7465389281068555
60515,229.26299999999998,0.9829,47.559999999999995,1.0,5.0,5.0,0.0,0.0,4.536964689768063
2058460,496.90000000000015,-0.9783999999999988,201.85000000000002,7.0,10.0,2.0,4.0,1.0,4.995232924927897
7646857,136.296,1.3765,0.0,0.0,0.0,0.0,0.0,0.0,5.580223418462724
1563662,221.25599999999994,2.1182999999999996,47.56,1.0,3.0,1.0,2.0,1.0,4.881131533887131
63252,201.225,2.5580000000000007,38.33,1.0,2.0,1.0,2.0,2.0,5.4531376198367765
114261,209.24499999999998,2.192,47.56,1.0,3.0,3.0,1.0,1.0,5.492076549507735
112410238,352.4780000000001,4.451540000000004,49.410000000000004,1.0,2.0,3.0,2.0,2.0,6.433188663270884
709988,218.083,3.3419000000000016,29.1,1.0,1.0,2.0,1.0,1.0,4.561920628798245
1910425,257.164,-4.989399999999997,7.760000000000001,0.0,0.0,1.0,2.0,2.0,6.410041503585958
7758896,98.99899999999998,0.6869999999999999,0.0,0.0,0.0,0.0,0.0,0.0,6.4316424401733245
7761888,169.872,-0.24160000000000006,66.2,0.0,3.0,0.0,0.0,0.0,7.426529388887366
79622596,465.093,5.986000000000003,111.2,1.0,6.0,4.0,2.0,2.0,7.266166475549627
13356086,1052.7049999999997,16.760799999999968,9.23,0.0,1.0,20.0,6.0,6.0,5.95912453344857
51235042,252.31799999999993,0.5131999999999997,60.13,0.0,4.0,2.0,2.0,1.0,7.079728938826977
67561,32.042,-0.3915,20.23,1.0,1.0,0.0,0.0,0.0,1.6080925247939002
28159980,253.375,2.3782000000000005,62.73,2.0,6.0,4.0,2.0,1.0,8.438899445726745
7758954,278.106,0.9982,0.0,0.0,0.0,0.0,0.0,0.0,5.605863553842385
7758943,126.751,1.3765,0.0,0.0,0.0,0.0,0.0,0.0,4.1029513943783025
7773015,125.84400000000001,-5.9944999999999995,0.0,0.0,0.0,0.0,0.0,0.0,5.587646366528123
13548384,238.00799999999995,-0.7198000000000002,198.6,0.0,9.0,0.0,0.0,0.0,6.980751314666196
12427382,265.312,-0.1732999999999999,24.06,2.0,4.0,3.0,0.0,0.0,6.976282666524153
12122677,275.764,-0.1732999999999999,24.06,2.0,4.0,3.0,0.0,0.0,6.181153819827162
12071839,289.79100000000005,0.21520000000000028,24.06,2.0,4.0,3.0,0.0,0.0,5.696542769835284
8018017,541.076,-0.3465999999999993,48.12,4.0,8.0,6.0,0.0,0.0,5.648193986214265
1689992,403.11400000000003,5.349180000000004,50.09,0.0,3.0,7.0,1.0,1.0,5.453305870258549
950378,302.33900000000006,1.5213999999999999,62.58000000000001,0.0,8.0,6.0,1.0,1.0,4.370918810560099
297972,248.244,2.1529,53.47,0.0,6.0,6.0,1.0,1.0,4.835024645981612
333415,304.35200000000003,3.5847200000000026,53.47,0.0,6.0,7.0,1.0,1.0,5.064713935686362
14816183,298.304,3.2283800000000014,63.839999999999996,0.0,6.0,7.0,1.0,1.0,4.933127903313306
76578148,372.8080000000001,4.4059000000000035,70.54,0.0,6.0,6.0,3.0,3.0,4.797484712770677
100646513,344.754,3.9274000000000022,81.54,1.0,5.0,5.0,3.0,3.0,5.1096891733233365
76578126,344.754,3.9274000000000022,81.54,1.0,5.0,5.0,3.0,3.0,4.184267858909268
56296787,345.792,4.856800000000004,21.259999999999998,1.0,2.0,6.0,2.0,2.0,4.901400269385861
54739183,318.339,3.201500000000001,56.84,1.0,4.0,9.0,1.0,1.0,4.49392919084964
79617962,306.236,5.179600000000003,12.03,1.0,1.0,2.0,3.0,2.0,5.603156200312879
1037509,332.31700000000006,-1.525899999999999,118.5,1.0,7.0,5.0,2.0,2.0,4.343195528312764
69523,371.3940000000001,-4.012599999999998,115.56,2.0,6.0,4.0,3.0,1.0,2.569834883281145
15318453,356.22700000000003,0.40430000000000016,103.7,3.0,5.0,6.0,1.0,1.0,3.0445589868182354
114078,733.9370000000002,1.785600000000004,193.91,5.0,14.0,7.0,3.0,0.0,4.5527454257165125
70458967,319.336,1.2683,74.57000000000001,2.0,4.0,3.0,3.0,2.0,4.6118507034168195
639587,385.48200000000014,2.892300000000001,0.0,0.0,0.0,3.0,3.0,3.0,6.0
1153066,473.9710000000002,2.892300000000001,0.0,0.0,0.0,3.0,3.0,3.0,6.0
135886,219.287,4.583400000000002,12.03,1.0,1.0,2.0,3.0,3.0,4.89596826608932
307244,314.04999999999995,3.1744999999999997,37.3,1.0,1.0,4.0,0.0,0.0,1.8914349762671656
375859,364.0569999999999,3.8097999999999996,37.3,1.0,1.0,5.0,0.0,0.0,2.4180021226791277
335671,414.06399999999985,4.4451,37.3,1.0,1.0,6.0,0.0,0.0,3.090741896878148
375951,464.07099999999986,5.0804,37.3,1.0,1.0,7.0,0.0,0.0,2.9706162223147903
76039,163.387,1.4412000000000003,37.3,1.0,1.0,0.0,0.0,0.0,3.7132174986292856
71626114,325.40799999999996,3.440640000000002,46.60999999999999,0.0,3.0,5.0,2.0,2.0,5.369419840083644
57837191,279.33599999999996,1.8443399999999996,55.84,0.0,4.0,5.0,1.0,1.0,3.806689083234438
1897456,265.914,4.04356,47.58,0.0,2.0,0.0,1.0,1.0,6.078399380905307
57966957,198.18199999999993,-0.6419199999999998,103.58,2.0,5.0,3.0,0.0,0.0,5.4360357514322715
79983714,314.21600000000007,3.6629000000000036,50.94,1.0,3.0,6.0,2.0,2.0,5.676778817826997
39148248,351.08099999999996,2.951600000000001,130.11,0.0,9.0,6.0,0.0,0.0,6.051268596457999
7789006,194.188,-8.610100000000001,80.25999999999999,0.0,4.0,0.0,0.0,0.0,5.621144822551252
886500,241.364,2.2356999999999996,62.73000000000001,2.0,6.0,4.0,1.0,1.0,6.624246161114394
2631405,193.24599999999995,2.5282,38.33,1.0,2.0,2.0,1.0,1.0,5.512037414974927
2312358,350.48,3.9192000000000022,44.76000000000001,0.0,4.0,6.0,2.0,1.0,4.0671992452434775
62924703,421.7340000000001,5.340800000000004,89.52,0.0,5.0,6.0,2.0,2.0,5.533268163532594
60207901,342.22599999999994,3.653400000000003,49.169999999999995,0.0,4.0,5.0,3.0,2.0,6.06377309920678
38641940,228.18499999999997,-0.8506999999999996,132.88000000000002,5.0,4.0,4.0,0.0,0.0,3.900922598446396
75310,59.111999999999995,0.35350000000000004,26.02,1.0,1.0,0.0,0.0,0.0,3.7520776907541045
57921,581.5800000000003,-8.161100000000014,336.42999999999995,12.0,15.0,9.0,3.0,0.0,4.670429232425394
547320,272.265,-1.5430999999999993,100.04,1.0,5.0,3.0,2.0,2.0,5.309803919971486
723466,253.28300000000002,1.3660199999999998,98.22,2.0,5.0,3.0,2.0,2.0,5.2076083105017466
127560,236.228,-2.1182999999999987,91.33,1.0,4.0,2.0,1.0,1.0,4.207608310501746
144741,277.306,-0.8766000000000003,87.15,1.0,5.0,3.0,2.0,2.0,4.1938200260161125
470906,359.573,5.7283000000000035,44.760000000000005,0.0,4.0,7.0,1.0,1.0,4.5
298022,260.38599999999997,3.727700000000003,18.46,0.0,5.0,8.0,0.0,0.0,4.480411998265592
51338273,341.18999999999994,4.726000000000003,44.760000000000005,0.0,4.0,5.0,2.0,2.0,4.231966298201778
3425465,144.076,-3.36002,23.79,0.0,1.0,0.0,0.0,0.0,7.158591642606853
52315078,416.30400000000003,6.177980000000003,59.32000000000001,0.0,4.0,6.0,3.0,2.0,10.318380588101926
52918635,505.2060000000001,6.490180000000004,59.32000000000001,0.0,4.0,6.0,3.0,2.0,10.402438504080392
17599814,223.15499999999997,-1.3429999999999993,80.25999999999999,0.0,4.0,0.0,0.0,0.0,3.871485367346791
7446084,110.95799999999998,-0.6184000000000001,34.14,0.0,2.0,0.0,0.0,0.0,3.816587592322785
7783008,128.97299999999998,-1.6136000000000001,57.53,2.0,1.0,0.0,0.0,0.0,3.5165656047815386
7783086,144.972,-1.7324000000000002,74.6,2.0,2.0,0.0,0.0,0.0,3.0442293016654127
13463677,79.865,-0.2401,34.14,0.0,2.0,0.0,0.0,0.0,0.9287668725692396
52686,257.43699999999995,2.1609,55.760000000000005,1.0,4.0,3.0,0.0,0.0,2.933549711085023
141517217,408.37600000000003,4.169700000000003,69.48,0.0,6.0,7.0,2.0,2.0,6.979718174515083
2893789,219.947,-4.5136,79.95,0.0,4.0,0.0,1.0,1.0,4.62545152207608
400852666,489.4880000000002,-0.24839999999999907,202.97999999999996,4.0,10.0,9.0,2.0,2.0,5.459563791430575
110488705,387.863,3.647700000000003,48.0,0.0,4.0,5.0,3.0,2.0,3.9764426666095467
53112280,199.25700000000003,2.837040000000001,37.81,1.0,3.0,2.0,2.0,2.0,3.872108768274823
123308,109.12799999999999,0.9743999999999997,46.25,2.0,2.0,0.0,1.0,1.0,4.3631936948327095
75092,84.933,1.4215,0.0,0.0,0.0,0.0,0.0,0.0,3.8834194736392282
79016,131.389,2.5017000000000005,0.0,0.0,0.0,0.0,0.0,0.0,4.641437752518767
1300216,98.96000000000001,1.8099999999999998,0.0,0.0,0.0,0.0,0.0,0.0,4.356993004233452
2795393,538.2159999999999,1.5025,57.2,0.0,3.0,7.0,0.0,0.0,4.371475190528357
422640,164.029,1.2686,37.3,1.0,1.0,1.0,0.0,0.0,3.54515513999149
375224,214.03599999999997,1.9039000000000001,37.3,1.0,1.0,2.0,0.0,0.0,3.3247216988284207
2706903,264.04299999999995,2.5392,37.3,1.0,1.0,3.0,0.0,0.0,2.42021640338319
335762,514.0779999999999,5.715700000000001,37.3,1.0,1.0,8.0,0.0,0.0,3.413412695328245
108430,128.558,2.0456,20.23,1.0,1.0,0.0,1.0,1.0,3.5695708026269584
86393320,385.8230000000001,1.1804,106.07,2.0,4.0,3.0,4.0,2.0,4.115716356914768
15687271,206.28499999999997,3.0732000000000004,37.3,1.0,1.0,4.0,1.0,1.0,3.4452116764894525
935955,231.893,4.0058,20.23,1.0,1.0,0.0,1.0,1.0,5.255709092172337
95954,197.448,3.3524,20.23,1.0,1.0,0.0,1.0,1.0,5.206608176290796
15950660,197.44799999999998,3.3524000000000007,20.23,1.0,1.0,0.0,1.0,1.0,5.112182895334996
591355,163.00300000000001,2.6990000000000003,20.23,1.0,1.0,0.0,1.0,1.0,4.969422388532241
95772,163.003,2.6990000000000003,20.23,1.0,1.0,0.0,1.0,1.0,4.9997416364401
109693,92.56899999999999,2.0253,0.0,0.0,0.0,2.0,0.0,0.0,4.985100063100263
543599,106.596,2.415400000000001,0.0,0.0,0.0,3.0,0.0,0.0,5.011125360599409
78864,92.569,2.0237,0.0,0.0,0.0,1.0,0.0,0.0,4.939523944219777
513360,92.56899999999999,1.8812,0.0,0.0,0.0,1.0,0.0,0.0,4.9330418166918575
753899,106.596,2.2713,0.0,0.0,0.0,0.0,0.0,0.0,4.992311169972038
78762,137.01999999999998,2.1798,0.0,0.0,0.0,1.0,0.0,0.0,5.207876272939412
78773,137.01999999999998,2.0373,0.0,0.0,0.0,1.0,0.0,0.0,5.1429070482421535
107824,151.047,2.4274000000000004,0.0,0.0,0.0,2.0,0.0,0.0,5.206909265633517
507368,151.04699999999997,2.5699000000000005,0.0,0.0,0.0,1.0,0.0,0.0,5.219593727039584
130154,158.15599999999998,1.6218000000000001,34.14,0.0,2.0,0.0,2.0,1.0,5.380200257898409
82440,242.66099999999997,3.115400000000001,34.14,0.0,2.0,0.0,3.0,2.0,5.662366060449128
131099,242.66099999999997,3.115400000000001,34.14,0.0,2.0,0.0,3.0,2.0,5.472246679311617
117793,223.23099999999997,2.0442,60.16,1.0,3.0,0.0,3.0,2.0,5.42035865249846
1758685,238.24599999999995,1.6263999999999998,86.17999999999999,2.0,4.0,0.0,3.0,2.0,5.456380616434487
128950,238.24599999999995,1.6263999999999998,86.17999999999999,2.0,4.0,0.0,3.0,2.0,5.558799724227319
129442,238.24599999999998,1.6263999999999998,86.18,2.0,4.0,0.0,3.0,2.0,5.54387850592849
81641,240.21399999999997,1.8731999999999998,74.60000000000001,2.0,4.0,0.0,3.0,2.0,5.474802434712192
117124,240.21399999999997,1.8731999999999993,74.6,2.0,4.0,0.0,3.0,2.0,5.459953313673273
117102,240.21399999999997,1.8731999999999993,74.6,2.0,4.0,0.0,3.0,2.0,5.558430235712043
82462,277.106,3.7688000000000024,34.14,0.0,2.0,0.0,3.0,2.0,5.394204125835872
82439,277.106,3.7688000000000015,34.14,0.0,2.0,0.0,3.0,2.0,5.42770557959334
524425,158.15599999999995,1.4652,34.14,0.0,2.0,0.0,2.0,1.0,5.478926369086461
122674968,249.09300000000002,2.933700000000001,35.53,0.0,3.0,3.0,1.0,1.0,4.46714701944709
122674957,249.09300000000002,2.933700000000001,35.53,0.0,3.0,3.0,1.0,1.0,5.707941701181774
23844577,249.09300000000002,2.933700000000001,35.53,0.0,3.0,3.0,1.0,1.0,5.854782279237903
50317,225.458,3.3449999999999998,37.3,1.0,1.0,1.0,1.0,1.0,4.353065650129232
143390890,313.35300000000007,3.097520000000001,57.120000000000005,0.0,5.0,6.0,2.0,2.0,6.839595543022859
175013180,387.82300000000004,4.238900000000004,65.82,0.0,5.0,6.0,3.0,3.0,6.922696288470657
117428225,367.32300000000004,3.8397000000000023,57.650000000000006,0.0,5.0,6.0,2.0,2.0,7.249126014131118
53826123,378.0839999999999,4.1998999999999995,37.3,1.0,1.0,6.0,0.0,0.0,5.868437653340488
98544,150.22099999999998,2.6897000000000015,20.23,1.0,1.0,0.0,1.0,1.0,4.747491800238274
70887886,358.078,4.0279,37.3,1.0,1.0,5.0,0.0,0.0,5.802764079165161
27854315,478.09799999999984,5.4705,37.3,1.0,1.0,8.0,0.0,0.0,6.294090921119267
70887842,458.09199999999987,5.2985000000000015,37.3,1.0,1.0,7.0,0.0,0.0,6.371060909127594
53826134,578.112,6.741100000000002,37.3,1.0,1.0,10.0,0.0,0.0,6.554262220750342
70887944,558.1059999999999,6.569100000000002,37.3,1.0,1.0,9.0,0.0,0.0,6.3006693901427235
90437,170.21099999999996,3.059200000000001,20.23,1.0,1.0,1.0,2.0,2.0,7.230987623227603
100527,106.12399999999997,1.4990999999999999,17.07,0.0,1.0,1.0,1.0,1.0,6.578655579598571
503742,102.13299999999998,1.1171,37.3,1.0,1.0,2.0,0.0,0.0,6.079747163114109
106445,108.13999999999999,1.7006199999999996,20.23,1.0,1.0,0.0,1.0,1.0,5.992593680081381
116530,102.13299999999998,1.1171,37.3,1.0,1.0,2.0,0.0,0.0,5.967773403670177
65850,122.12299999999996,1.3848,37.3,1.0,1.0,1.0,1.0,1.0,5.94066942869587
111148,130.187,2.0414,37.3,1.0,1.0,5.0,0.0,0.0,5.938476360275253
140294,117.15099999999998,1.75268,23.79,0.0,1.0,1.0,1.0,1.0,5.7899923991302025
140103,148.16099999999997,1.7844,37.3,1.0,1.0,2.0,1.0,1.0,5.739370136422232
98862,120.15099999999995,1.8892,17.07,0.0,1.0,1.0,1.0,1.0,5.0797273897273065
91101,154.16499999999996,1.4093999999999995,38.69,1.0,3.0,2.0,1.0,1.0,5.011894528198849
210631688,363.39500000000004,0.7807199999999999,110.59,1.0,6.0,4.0,3.0,2.0,4.260071545701144
34494047,214.158,-1.3685999999999994,118.89000000000001,5.0,4.0,4.0,0.0,0.0,4.394220559886481
39600425,207.163,-5.534899999999998,109.69,3.0,4.0,4.0,0.0,0.0,4.448844703702927
66330889,228.111,-8.936200000000005,89.49000000000001,0.0,5.0,2.0,2.0,0.0,5.655252476922173
2164172,232.20499999999996,2.7989000000000006,32.34,1.0,1.0,1.0,1.0,1.0,5.747176228209276
2923184,136.00400000000002,-3.6974,40.129999999999995,0.0,2.0,0.0,0.0,0.0,2.0543704355018675
62748,100.024,-4.2902,40.129999999999995,0.0,2.0,1.0,0.0,0.0,2.9209229721223515
90153,144.17299999999997,2.545400000000001,20.23,1.0,1.0,0.0,2.0,2.0,4.809398933326832
1763231,500.1259999999999,4.8411,54.370000000000005,1.0,2.0,7.0,0.0,0.0,3.5097353213157385
80214831,837.0580000000001,2.2096000000000067,216.89,5.0,17.0,13.0,3.0,0.0,7.205160375853059
68359,250.283,0.8595999999999999,97.97,2.0,5.0,3.0,2.0,2.0,4.292314016331803
57681,278.33700000000005,1.47644,97.97,2.0,5.0,3.0,2.0,2.0,4.678247607192254
93106606,359.4010000000001,2.3156,65.78,1.0,4.0,4.0,4.0,2.0,4.741440709110812
101043372,995.1889999999997,0.618399999999993,343.14,10.0,11.0,15.0,2.0,1.0,6.691488070664418
143545908,415.428,-1.9048999999999974,177.17999999999998,5.0,9.0,4.0,4.0,1.0,5.642385810081125
135410207,222.679,2.06628,52.28,0.0,3.0,2.0,1.0,1.0,3.3037278440597095
188425856,343.21299999999997,5.307700000000002,41.99,1.0,2.0,3.0,3.0,3.0,4.658768753212969
40843252,327.1629999999999,4.637600000000002,55.76000000000001,1.0,3.0,5.0,2.0,2.0,4.110982539183348
957517,239.318,2.906700000000002,20.310000000000002,0.0,1.0,3.0,2.0,2.0,3.3127240027818874
77065,346.3790000000001,1.0270999999999997,104.06000000000002,3.0,5.0,1.0,5.0,0.0,3.855350731973555
1689834,370.915,2.473080000000001,44.02,1.0,2.0,0.0,1.0,1.0,4.320257221669817
93765,255.484,3.1102000000000003,46.53,1.0,2.0,3.0,1.0,1.0,3.739096952078856
1119944,308.34799999999996,1.6175000000000002,0.0,0.0,0.0,11.0,0.0,0.0,6.214670164989233
1119977,336.40199999999993,2.3977000000000004,0.0,0.0,0.0,13.0,0.0,0.0,6.266802734893431
57090,364.45599999999996,3.177900000000001,0.0,0.0,0.0,15.0,0.0,0.0,6.368556230986828
1120021,392.50999999999993,3.9581000000000026,0.0,0.0,0.0,17.0,0.0,0.0,6.560667306169737
112027,320.005,3.177900000000001,0.0,0.0,0.0,15.0,0.0,0.0,6.368556230986828
139071,339.995,3.1879000000000017,0.0,0.0,0.0,13.0,1.0,1.0,6.224025668870631
139082,368.049,3.9681000000000024,0.0,0.0,0.0,15.0,1.0,1.0,6.325138859262188
122189,396.10300000000007,4.748300000000004,0.0,0.0,0.0,17.0,1.0,1.0,6.391473966422806
68207001,322.37499999999994,2.0076,0.0,0.0,0.0,12.0,0.0,0.0,6.213958789757446
124038,378.483,3.5680000000000014,0.0,0.0,0.0,16.0,0.0,0.0,6.494850021680094
140727,384.4459999999999,3.4594000000000014,3.88,0.0,0.0,15.0,1.0,1.0,6.464705879957229
80057,228.291,3.4237000000000024,40.46,2.0,2.0,2.0,2.0,2.0,3.7298955346254754
1478611,336.23099999999994,4.508500000000002,40.46,2.0,2.0,2.0,2.0,2.0,4.064389536902172
127548,312.45300000000003,5.670500000000007,40.46,2.0,2.0,4.0,2.0,2.0,4.297228485724081
13595250,346.47,5.749600000000006,40.46,2.0,2.0,4.0,3.0,3.0,3.7464341890096065
2167513,346.47,5.749600000000006,40.46,2.0,2.0,4.0,3.0,3.0,1.2401509284913625
1571751,290.362,4.452100000000005,40.46,2.0,2.0,3.0,3.0,3.0,4.112304170882873
843550,268.356,4.348000000000004,40.46,2.0,2.0,2.0,3.0,2.0,3.7406476128975443
117817,390.5640000000003,6.433000000000007,52.60000000000001,0.0,4.0,14.0,1.0,1.0,5.215404715385988
77238392,995.1889999999999,0.3064999999999936,345.35,10.0,11.0,14.0,2.0,1.0,5.138523564437955
375735,300.09799999999996,2.2999,54.370000000000005,1.0,2.0,3.0,0.0,0.0,4.85734555084477
59587381,466.2559999999998,0.6644999999999994,57.20000000000001,0.0,3.0,7.0,0.0,0.0,4.6252519908447915
151508,65.116,-2.89963,23.79,0.0,1.0,0.0,0.0,0.0,8.66755967881834
85687,312.36499999999995,4.000500000000003,52.60000000000001,0.0,4.0,7.0,2.0,2.0,5.035722504037024
7784465,129.91,-4.6846,40.129999999999995,0.0,2.0,0.0,0.0,0.0,4.703510055277103
13464385,207.888,-13.0546,86.25,0.0,4.0,0.0,0.0,0.0,5.646786614386681
25154523,220.35600000000002,4.685300000000005,20.23,1.0,1.0,8.0,1.0,1.0,5.343124880266474
793248,268.404,5.2767000000000035,24.06,2.0,2.0,6.0,2.0,2.0,5.927072324355731
2754428185,298.38599999999997,3.042300000000001,58.199999999999996,2.0,4.0,6.0,2.0,1.0,6.094530027000608
91532,217.31199999999995,3.692700000000002,21.259999999999998,1.0,2.0,2.0,2.0,1.0,4.657301745384297
